anio,region_OMS,prevalencia_contactos,prevalencia_inferior,prevalencia_superior,porcentaje_ninos,elegibles_tratamiento
2015,EMR,8.7,8.5,8.9,46,240
2016,EMR,12,12,12,64,240
2017,EMR,10,10,35,97,240
2018,EMR,16,15,16,85,240
2019,EMR,15,15,15,82,240
2020,EMR,15,15,16,85,240
2021,EMR,15,15,16,86,240
2022,EMR,19,18,19,100,240
2023,EMR,19,19,19,100,240
2015,EUR,0.23,0.22,0.23,9.5,10
2016,EUR,0.23,0.22,0.24,9.7,10
2017,EUR,5.9,5.7,6,58,10
2018,EUR,10,10,11,70,10
2019,EUR,11,11,12,100,10
2020,EUR,5.5,5.3,5.6,31,6.5
2021,EUR,3.8,3.7,3.9,13,7.5
2022,EUR,5.3,5.1,5.4,25,8
2023,EUR,8.8,8.6,9.1,68,7.4
2015,AFR,5,4.9,5.1,57.7183264775761,1000
2016,AFR,5.15,5,5.25,57.79177842381762,1000
2017,AFR,5.6,5.5,5.8,57.740258534524784,950
2018,AFR,6.15,6,6.3,57.756698720819884,920
2019,AFR,7.2,7,7.4,57.766890186751134,800
2020,AFR,7.7,7.5,7.9,57.80510855138512,600
2021,AFR,2.6,2.6,2.7,72,650
2022,AFR,5.8,5.7,6,100,660
2023,AFR,7.6,7.5,7.8,100,610
2015,AFR,5,4.9,5.1,53.35542996424762,240
2016,AFR,5.15,5,5.25,53.14216954563259,240
2017,AFR,5.6,5.5,5.8,53.56026631659351,240
2018,AFR,6.15,6,6.3,52.843487608802754,240
2019,AFR,7.2,7,7.4,52.179320897968005,240
2020,AFR,7.7,7.5,7.9,52.73175788775931,240
2021,AFR,10.5,10.5,11,52.77402600974135,240
2022,AFR,12,12,13,52.75481322702224,240
2023,AFR,15.5,15,16,52.956989347914714,240
2015,AMR,8.7,8.5,9,57.8717499524098,360
2016,AMR,7.5,7.3,7.7,57.84704529903709,380
2017,AMR,14,14,15,57.87410279403537,370
2018,AMR,15,14.5,15.5,57.858572968668554,380
2019,AMR,13,13,13.5,57.978975103032816,420
2020,AMR,10,9.9,10.6,57.8659979261493,350
2021,AMR,13,13,13,57.84550834989792,430
2022,AMR,12,11,12,57.86134556509256,410
2023,AMR,11,10.5,11,57.83973270652695,440
2015,EUR,4,3.9,4.2,57.92289695373335,100
2016,EUR,5.9,5.75,6.1,57.91994114100733,100
2017,EUR,28.5,27.5,29.5,58.02418435312612,82
2018,EUR,10,10,11,57.92270299951411,64
2019,EUR,7.3,7.1,7.5,82,56
2020,EUR,4.6,4.4,4.7,53,44
2021,EUR,3.2,3.1,3.3,38,45
2022,EUR,3.4,3.3,3.5,41,49
2023,EUR,4.3,4.2,4.4,53,37
2015,AMR,8.7,8.5,9,57.93907848767468,0.93
2016,AMR,7.5,7.3,7.7,57.934461603032474,1.1
2017,AMR,14,14,15,57.94364122116643,0.31
2018,AMR,15,14.5,15.5,57.93911594346901,0.75
2019,AMR,13,13,13.5,57.94219660884284,0.15
2020,AMR,10,9.9,10.6,57.943676596083314,0.14
2021,AMR,13,13,13,57.9382187952639,0.8
2022,AMR,12,11,12,57.92852287783701,0.52
2023,AMR,11,10.5,11,57.94362665502419,0.38
2015,WPR,2.1,2.05,2.2,57.92629130472864,29
2016,WPR,2,2,2.1,57.93852482684778,32
2017,WPR,6.35,6.199999999999999,6.5,57.943166633683155,31
2018,WPR,4.9,4.8,5.1,57.94000273321079,32
2019,WPR,6.2,6,6.4,74,31
2020,WPR,17,17,18,100,31
2021,WPR,15,14,15,100,28
2022,WPR,8.4,8.2,8.7,35,26
2023,WPR,5.5,5.3,5.7,40,30
2015,EUR,4,3.9,4.2,57.93009718127289,10
2016,EUR,5.9,5.75,6.1,58.01383417494543,11
2017,EUR,28.5,27.5,29.5,57.9317228782722,10
2018,EUR,10,10,11,57.99364289645454,8.6
2019,EUR,10,10,11,57.95086684702583,8.2
2020,EUR,28.5,28,29.5,58.02648977683488,7
2021,EUR,10,31,33,57.97180724140356,7
2022,EUR,10,10,11,57.92365646166898,7.5
2023,EUR,10,10,11,57.93127311872172,7.9
2015,EUR,3.9,3.8,4,100,270
2016,EUR,2.8,2.7,2.8,90,260
2017,EUR,25,24,26,100,300
2018,EUR,10,10,11,94,270
2019,EUR,10,10,11,100,240
2020,EUR,10,10,11,100,180
2021,EUR,10,10,11,100,190
2022,EUR,10,10,11,100,200
2023,EUR,10,10,11,100,200
2015,AMR,15,15,16,100,1.7
2016,AMR,18,17,18,100,2.5
2017,AMR,10,10,11,100,0.84
2018,AMR,10,10,11,100,0.91
2019,AMR,10,10,11,0,1.1
2020,AMR,8.6,8.4,8.9,100,0.99
2021,AMR,10,10,11,100,0.56
2022,AMR,10,10,11,100,0.78
2023,AMR,30,29,31,100,0.27
2015,EMR,6.1,5.949999999999999,6.25,56.44490751470458,240
2016,EMR,4.5,4.4,4.6,100,8.9
2017,EMR,13,12,13,100,8
2018,EMR,16,16,17,13,8
2019,EMR,26,25,26,100,9.9
2020,EMR,22,21,22,100,9.9
2021,EMR,22,21,22,9.2,11
2022,EMR,6.9,6.8,7.1,45,8.9
2023,EMR,13,12,13,48,8.4
2015,SEA,2.8,2.7,2.9,23,240
2016,SEA,2.2,2.2,2.3,18,240
2017,SEA,2.6,2.5,2.7,22,240
2018,SEA,5.1,5,5.2,43,240
2019,SEA,6.2,6,6.4,49,240
2020,SEA,5.7,5.6,5.8,47,240
2021,SEA,6.3,6.2,6.5,36,240
2022,SEA,10,10,36,25,240
2023,SEA,10,31,33,11,240
2015,AMR,8.7,8.5,9,58.05898242468247,0
2016,AMR,7.5,7.3,7.7,57.95691324614902,0.45
2017,AMR,14,14,15,57.952573166545854,0
2018,AMR,15,14.5,15.5,57.98948961245911,0.15
2019,AMR,13,13,13.5,57.93409933700825,0
2020,AMR,10,9.9,10.6,57.93149741846021,0.43
2021,AMR,13,13,13,57.929340904362135,0.14
2022,AMR,12,11,12,57.93882868570627,0.71
2023,AMR,11,10.5,11,57.925158855197594,0.28
2015,EUR,16,15,16,100,87
2016,EUR,10,10,11,100,77
2017,EUR,10,10,11,100,71
2018,EUR,10,10,11,57.95128688943022,63
2019,EUR,5.8,5.6,6,100,58
2020,EUR,4.5,4.3,4.7,100,38
2021,EUR,3.2,3.1,3.3,85,35
2022,EUR,5.8,5.6,6,100,37
2023,EUR,5.9,5.7,6.1,100,32
2015,EUR,4,3.9,4.2,57.92636341039392,18
2016,EUR,5.9,5.75,6.1,57.920747366214485,18
2017,EUR,28.5,27.5,29.5,57.93390073284526,18
2018,EUR,10,10,11,57.92227079062391,17
2019,EUR,10,10,11,57.92834498577588,17
2020,EUR,28.5,28,29.5,57.942270406281985,14
2021,EUR,10,31,33,57.94058441217263,15
2022,EUR,10,10,11,58.03537850715152,14
2023,EUR,10,10,11,57.963501640140635,4.3
2015,AMR,8.7,8.5,9,57.939917564656405,4
2016,AMR,0,0,0,0,6.2
2017,AMR,19,19,20,15,6.7
2018,AMR,27,26,28,100,5.3
2019,AMR,13,13,13.5,0,3.7
2020,AMR,10,9.9,10.6,57.9363353594775,6.3
2021,AMR,10,10,36,100,5.1
2022,AMR,12,11,12,100,5.2
2023,AMR,11,10.5,11,57.92801533708152,5.8
2015,AFR,8.7,8.5,8.9,43,240
2016,AFR,11,11,11,55,240
2017,AFR,12,12,13,63,240
2018,AFR,16,15,16,79,240
2019,AFR,19,18,19,93,240
2020,AFR,16,16,17,86,240
2021,AFR,14,14,15,76,240
2022,AFR,13,13,13,70,240
2023,AFR,14,14,15,78,240
2015,AMR,8.7,8.5,9,57.928483292828815,0
2016,AMR,0,0,0,0,0.19
2017,AMR,10,10,11,0,0.09
2018,AMR,0,0,0,0,0.18
2019,AMR,0,0,0,0,0.09
2020,AMR,0,0,0,0,0.27
2021,AMR,10,10,11,0,0.17
2022,AMR,12,11,12,57.93099573364593,0
2023,AMR,0,0,0,0,0.17
2015,SEA,3.7,3.6,3.8,57.907172103509296,150
2016,SEA,0.68,0.66,0.7,6.8,150
2017,SEA,1.3,1.2,1.3,57.92344088205762,140
2018,SEA,3.1,3.1,3.2,35,130
2019,SEA,2.8,2.7,2.9,33,150
2020,SEA,7.5,7.4,7.7,67,130
2021,SEA,1.9,1.9,2,25,120
2022,SEA,13,13,13,29,110
2023,SEA,5.5,5.4,5.7,59,120
2015,AMR,15,14,15,98,240
2016,AMR,15,15,15,100,240
2017,AMR,15,14,15,97,240
2018,AMR,15,14,15,100,240
2019,AMR,13,13,14,93,240
2020,AMR,11,11,12,79,240
2021,AMR,9.2,9,9.5,66,240
2022,AMR,9.3,9.1,9.6,67,240
2023,AMR,8.6,8.4,8.9,63,240
2015,EUR,4,3.9,4.2,57.929044933985935,25
2016,EUR,1,0.99,1,65,22
2017,EUR,0.63,0.62,0.65,41,17
2018,EUR,10,10,11,57.93490807088316,16
2019,EUR,10,10,11,57.93656686857629,13
2020,EUR,28.5,28,29.5,57.94485117770063,8.7
2021,EUR,10,31,33,57.957881820897455,10
2022,EUR,10,10,11,57.94986802584337,13
2023,EUR,10,10,11,57.979426153103546,13
2015,AFR,5,4.9,5.1,57.90581338487394,800
2016,AFR,5.15,5,5.25,57.78040426540418,870
2017,AFR,11,11,12,71,780
2018,AFR,6.15,6,6.3,57.9355718901813,380
2019,AFR,22,21,22,100,210
2020,AFR,7.7,7.5,7.9,57.85637972623451,360
2021,AFR,10.5,10.5,11,57.8353995438533,480
2022,AFR,12,12,13,57.874043751259215,420
2023,AFR,10,10,11,100,540
2015,AMR,8.7,8.5,9,57.341729170331746,240
2016,AMR,7.5,7.3,7.7,57.361060038603185,240
2017,AMR,14,14,15,57.308801563520625,240
2018,AMR,15,14.5,15.5,57.282820116615646,240
2019,AMR,11,10,11,56,240
2020,AMR,13,13,14,60,240
2021,AMR,15,15,16,60,240
2022,AMR,18,17,18,68,240
2023,AMR,16,15,16,68,240
2015,WPR,0,0,0,0,19
2016,WPR,2,2,2.1,57.96466838161205,20
2017,WPR,14,14,15,0,20
2018,WPR,7.6,7.4,7.7,0,22
2019,WPR,6,5.9,6.2,4.6,22
2020,WPR,0.37,0.36,0.37,0,25
2021,WPR,0.89,0.87,0.91,0,18
2022,WPR,4.1,4,4.2,0,16
2023,WPR,0.27,0.26,0.28,0,16
2015,EUR,4,3.9,4.2,57.92544356588229,21
2016,EUR,5.9,5.75,6.1,57.9380660670779,20
2017,EUR,28.5,27.5,29.5,57.9754299016458,18
2018,EUR,10,10,11,57.94037632442629,16
2019,EUR,10,10,11,58.01554146119338,17
2020,EUR,28.5,28,29.5,57.99609929858933,11
2021,EUR,10,31,33,57.93879389082614,9.4
2022,EUR,10,10,11,100,9.8
2023,EUR,10,10,11,57.988709766774285,11
2015,AFR,5,4.9,5.1,57.15678514371853,240
2016,AFR,4.3,4.2,4.4,22,240
2017,AFR,4.2,4.1,4.3,21,240
2018,AFR,4.9,4.8,5,25,240
2019,AFR,5.2,5.1,5.3,21,240
2020,AFR,4.5,4.4,4.6,25,240
2021,AFR,7.4,7.3,7.6,42,240
2022,AFR,6.8,6.7,7,40,240
2023,AFR,5.6,5.5,5.8,34,240
2015,AFR,4,3.9,4.1,17,240
2016,AFR,7.2,7,7.4,31,240
2017,AFR,8.7,8.5,8.9,39,240
2018,AFR,6.8,6.7,7,31,240
2019,AFR,7.2,7,7.4,57.28902732334028,240
2020,AFR,7.7,7.5,7.9,57.25406035270491,240
2021,AFR,10.5,10.5,11,57.316486676608264,240
2022,AFR,12,12,13,57.406402793647125,240
2023,AFR,4.9,4.8,5.1,23,240
2015,AFR,5,4.9,5.1,57.91876704516641,68
2016,AFR,0.18,0.17,0.18,1.5,65
2017,AFR,5.6,5.5,5.8,57.926578656751765,61
2018,AFR,1.5,1.5,1.6,5.7,52
2019,AFR,12,11,12,56,53
2020,AFR,10,9.9,10,50.73465631909188,55
2021,AFR,13,13,13,30,50
2022,AFR,19,18,19,27,33
2023,AFR,15.5,15,16,57.96727189526118,43
2015,WPR,2,2,2.1,15,240
2016,WPR,5,4.8,5.1,36,240
2017,WPR,6,5.8,6.1,44,240
2018,WPR,4.9,4.8,5.1,57.00979360555067,240
2019,WPR,6,5.8,6.1,45,240
2020,WPR,10,10,11,82,240
2021,WPR,10,10,11,36,240
2022,WPR,10,10,35,23,240
2023,WPR,10,10,11,23,240
2015,AFR,0.5,0.48,0.51,2.5,240
2016,AFR,5.15,5,5.25,55.64010924558446,240
2017,AFR,0.17,0.16,0.17,0.85,240
2018,AFR,4.6,4.5,4.7,24,240
2019,AFR,7.2,7,7.4,26,240
2020,AFR,12,12,12,41,240
2021,AFR,10,10,36,51,240
2022,AFR,1.3,1.2,1.3,6.6,240
2023,AFR,17,17,17,92,240
2015,AMR,8.7,8.5,9,57.940418908703485,30
2016,AMR,7.5,7.3,7.7,57.92314869639488,37
2017,AMR,14,14,15,57.93133747850147,36
2018,AMR,15,14.5,15.5,58.000180718601456,34
2019,AMR,13,13,13.5,57.94275045819046,33
2020,AMR,10,9.9,10.6,57.94949443462788,29
2021,AMR,13,13,13,57.92127232737204,24
2022,AMR,12,11,12,57.93891971020188,23
2023,AMR,11,10.5,11,57.92932280242569,40
2015,AFR,5,4.9,5.1,56.88439413238965,240
2016,AFR,5.15,5,5.25,56.85485107810653,240
2017,AFR,5.6,5.5,5.8,56.9847880177154,240
2018,AFR,6.15,6,6.3,100,250
2019,AFR,1,1,1.1,43.45725562086667,240
2020,AFR,5,4.9,5.1,24,240
2021,AFR,9.2,9,9.4,43,240
2022,AFR,8.1,7.9,8.3,31,240
2023,AFR,6.4,6.3,6.6,30,240
2015,AFR,5,4.9,5.1,56.78459185047924,240
2016,AFR,5.15,5,5.25,56.916981820737284,240
2017,AFR,5.6,5.5,5.8,56.82857404992895,240
2018,AFR,6.15,6,6.3,56.80809056165107,240
2019,AFR,1.1,1.1,1.1,4.6,240
2020,AFR,1.1,1.1,1.2,5.3,240
2021,AFR,1.8,1.7,1.8,8.4,240
2022,AFR,3.2,3.1,3.3,14,240
2023,AFR,3.6,3.5,3.7,14,240
2015,AMR,8.7,8.5,9,57.91105831496831,88
2016,AMR,10,10,36,100,88
2017,AMR,14,14,15,57.90544642215279,97
2018,AMR,10,31,33,100,99
2019,AMR,13,13,13.5,57.90395019415958,100
2020,AMR,10,9.9,10.6,57.910599555198424,76
2021,AMR,13,13,13,58.055636562241986,80
2022,AMR,12,11,12,57.90720452192742,85
2023,AMR,11,10.5,11,57.91256341774753,90
2015,WPR,2.1,2.05,2.2,55.229993168983775,240
2016,WPR,2,2,2.1,55.43482952132967,240
2017,WPR,6.35,6.199999999999999,6.5,55.22881084389337,240
2018,WPR,4.9,4.8,5.1,55.02013193500366,240
2019,WPR,6.3,6.2,6.5,54.612823880492705,240
2020,WPR,11.85,11.7,12,54.885939506809585,240
2021,WPR,9.15,8.95,9.8,55.02899937318172,240
2022,WPR,1.2,1.2,1.2,3.8,240
2023,WPR,0.96,0.94,0.99,0.54,240
2015,WPR,0.53,0.52,0.55,31,61
2016,WPR,0.29,0.28,0.3,18,62
2017,WPR,4.4,4.2,4.5,12,67
2018,WPR,4.9,4.8,5.1,12,81
2019,WPR,8.2,7.9,8.4,10,68
2020,WPR,8.6,8.3,8.8,26,57
2021,WPR,7.8,7.5,8,18,55
2022,WPR,8.1,7.9,8.4,11,46
2023,WPR,5.5,5.3,5.6,22,46
2015,WPR,0.8,0.78,0.82,39,10
2016,WPR,0.43,0.42,0.44,20,9.9
2017,WPR,11,10,11,35,11
2018,WPR,8.9,8.6,9.1,21,9.6
2019,WPR,9.9,9.6,10,9.5,11
2020,WPR,14,14,15,10,9.5
2021,WPR,10,9.9,11,0,8.7
2022,WPR,14,14,15,0,7.4
2023,WPR,15,15,16,39,7.7
2015,AMR,8.7,8.5,9,100,260
2016,AMR,7.5,7.3,7.7,57.86741106915441,530
2017,AMR,1.5,1.5,1.5,56,540
2018,AMR,15,15,16,85,540
2019,AMR,10,10,11,72,580
2020,AMR,8.7,8.5,9,40,430
2021,AMR,12,11,12,46,500
2022,AMR,4.6,4.5,4.8,56,680
2023,AMR,5.3,5.1,5.4,48,880
2015,AFR,5,4.9,5.1,56.491050202743125,240
2016,AFR,1.7,1.7,1.7,10,50
2017,AFR,9.3,9.1,9.5,55,36
2018,AFR,3,2.9,3,18,34
2019,AFR,7.2,7,7.4,57.945498183170145,34
2020,AFR,7.7,7.5,7.9,57.932197025903065,34
2021,AFR,10.5,10.5,11,57.92591771351315,45
2022,AFR,12,12,13,57.92811918519668,33
2023,AFR,0.46,0.45,0.47,3,34
2015,AFR,5,4.9,5.1,57.44872885623002,240
2016,AFR,5.15,5,5.25,57.50376564831832,240
2017,AFR,0.82,0.8,0.84,4.1,240
2018,AFR,6.15,6,6.3,57.525698072658784,240
2019,AFR,0.27,0.27,0.28,43.48304317715373,240
2020,AFR,0.3,0.29,0.3,1.6,240
2021,AFR,0.75,0.73,0.77,4,240
2022,AFR,6.6,6.4,6.7,36,240
2023,AFR,7.7,7.5,7.9,43,240
2015,AMR,13,13,14,100,16
2016,AMR,9.7,9.4,9.9,100,17
2017,AMR,10,10,11,100,17
2018,AMR,10,10,11,100,19
2019,AMR,10,10,11,100,18
2020,AMR,10,9.9,10.6,57.93783668719296,14
2021,AMR,10,10,11,100,15
2022,AMR,10,10,11,100,15
2023,AMR,10,10,11,100,17
2015,AFR,5.5,5.4,5.6,27,240
2016,AFR,6.7,6.5,6.8,33,240
2017,AFR,9.4,9.2,9.7,47,240
2018,AFR,9.7,9.5,9.9,48,240
2019,AFR,12,12,12,60,240
2020,AFR,12,12,12,62,240
2021,AFR,11,11,12,60,240
2022,AFR,11,11,11,59,240
2023,AFR,10,10,11,57,240
2015,EUR,4,3.9,4.2,57.93160228405211,12
2016,EUR,5.9,5.75,6.1,57.94803588694762,7.6
2017,EUR,28.5,27.5,29.5,57.9236607200967,8.9
2018,EUR,10,10,11,57.92644190370078,9.1
2019,EUR,10,10,11,57.932432505823634,7.3
2020,EUR,28.5,28,29.5,57.94876419405983,4.1
2021,EUR,10,31,33,57.92530710043726,3.9
2022,EUR,10,10,11,57.929849121827175,4.8
2023,EUR,10,10,11,57.9837345361808,6.5
2015,AMR,8.4,8.2,8.7,100,19
2016,AMR,7.8,7.5,8,100,18
2017,AMR,10,10,11,100,18
2018,AMR,10,10,11,100,18
2019,AMR,10,10,11,100,18
2020,AMR,10,10,11,100,14
2021,AMR,10,10,11,100,11
2022,AMR,10,10,11,100,16
2023,AMR,10,10,11,100,17
2015,EUR,4,3.9,4.2,57.946328600699665,1.6
2016,EUR,5.9,5.75,6.1,57.92804417934763,1.4
2017,EUR,28.5,27.5,29.5,58.00546566399465,1.5
2018,EUR,10,10,11,57.968559622468696,1.3
2019,EUR,10,10,11,58.07188821523148,1.9
2020,EUR,28.5,28,29.5,57.92858327161984,0.94
2021,EUR,10,31,33,57.950824746112595,1.3
2022,EUR,10,10,11,57.971203303575194,2.8
2023,EUR,10,10,11,57.93087513942584,2
2015,EUR,4,3.9,4.2,57.92900234970874,11
2016,EUR,5.9,5.75,6.1,57.95471792042509,11
2017,EUR,28.5,27.5,29.5,57.94880629497305,11
2018,EUR,10,10,11,57.93556543481602,10
2019,EUR,10,10,11,57.930923627980654,11
2020,EUR,28.5,28,29.5,57.930619529852606,8.2
2021,EUR,10,31,33,57.97443011373543,8.6
2022,EUR,10,10,11,57.924795397926836,9.2
2023,EUR,10,10,11,57.950492289082405,10
2015,SEA,3.7,3.6,3.8,55.84583234174815,240
2016,SEA,9.4,9.1,9.6,100,240
2017,SEA,11,11,11,100,240
2018,SEA,13,13,13,100,240
2019,SEA,13,13,14,100,240
2020,SEA,8.2,8,8.5,98,240
2021,SEA,8.3,8.1,8.5,99,240
2022,SEA,8.4,8.2,8.6,100,240
2023,SEA,8.4,8.2,8.6,100,240
2015,AFR,5,4.9,5.1,43.568359726149716,240
2016,AFR,1.4,1.4,1.4,6.4,240
2017,AFR,3.4,3.3,3.5,16,240
2018,AFR,5.2,5.1,5.3,24,240
2019,AFR,7.8,7.7,8,36,240
2020,AFR,9.1,8.9,9.3,42,240
2021,AFR,12,11,12,54,240
2022,AFR,15,15,16,50,240
2023,AFR,15,15,16,48,240
2015,EUR,4,3.9,4.2,58.003113789096986,5.7
2016,EUR,5.9,5.75,6.1,58.07124314321782,5
2017,EUR,28.5,27.5,29.5,57.97091198073032,4.2
2018,EUR,10,10,11,57.9328673608771,4.5
2019,EUR,10,10,11,58.05059407168497,4.8
2020,EUR,28.5,28,29.5,57.93068998966798,3.6
2021,EUR,10,31,33,57.93106880603913,3.2
2022,EUR,10,10,11,57.94000079975494,3.6
2023,EUR,10,10,11,57.947556801767064,2.8
2015,EMR,6.1,5.949999999999999,6.25,57.84977102863195,700
2016,EMR,0.8,0.78,0.82,6.3,700
2017,EMR,2.6,2.5,2.7,21,610
2018,EMR,1.6,1.6,1.7,13,580
2019,EMR,0.56,0.55,0.58,2.1,530
2020,EMR,10,10,10,57.85630887490311,420
2021,EMR,15.5,15.5,16,57.830829842683194,470
2022,EMR,19,19,20,57.821708336871744,560
2023,EMR,13,12,13,56.48184085430718,240
2015,AMR,17,17,18,100,210
2016,AMR,13,13,14,100,170
2017,AMR,14,14,15,100,150
2018,AMR,15,14.5,15.5,100,150
2019,AMR,13,13,13.5,46,160
2020,AMR,2.6,2.5,2.7,71,120
2021,AMR,13,13,13,57.92223493985675,160
2022,AMR,1.4,1.3,1.4,38,190
2023,AMR,2.1,2,2.1,59,190
2015,AMR,8.7,8.5,9,100,350
2016,AMR,7.3,7.1,7.5,100,340
2017,AMR,6.6,6.5,6.8,100,360
2018,AMR,15,14.5,15.5,100,360
2019,AMR,5,4.9,5.2,100,370
2020,AMR,6.5,6.3,6.6,100,300
2021,AMR,5,4.9,5.1,100,320
2022,AMR,3.1,3,3.1,100,400
2023,AMR,2.1,2,2.1,74,440
2015,EMR,3,2.9,3.1,18,240
2016,EMR,4.3,4.2,4.4,26,240
2017,EMR,5.4,5.3,5.6,27,240
2018,EMR,4,3.9,4.1,23,240
2019,EMR,3.9,3.8,4,24,240
2020,EMR,8.6,8.3,8.8,28,240
2021,EMR,8.1,7.9,8.3,32,240
2022,EMR,9.4,9.1,9.6,65,240
2023,EMR,8,7.8,8.2,58,240
2015,AMR,8.7,8.5,9,57.82416173491269,610
2016,AMR,1.2,1.2,1.2,10,750
2017,AMR,6,5.8,6.1,24,940
2018,AMR,15,14.5,15.5,57.74444680359218,870
2019,AMR,13,13,13.5,57.78382090569771,680
2020,AMR,8.3,8.1,8.5,34,450
2021,AMR,13,12,13,74,390
2022,AMR,11,10,11,55,520
2023,AMR,11,11,11,41,900
2015,AFR,5,4.9,5.1,57.80687023046549,610
2016,AFR,5.15,5,5.25,57.9415193086908,600
2017,AFR,5.6,5.5,5.8,57.8132134192712,620
2018,AFR,6.15,6,6.3,57.8425586251454,550
2019,AFR,7.2,7,7.4,57.824492741850996,580
2020,AFR,7.7,7.5,7.9,57.81469132563421,620
2021,AFR,1.5,1.5,1.6,9.4,640
2022,AFR,2.6,2.5,2.6,15,1100
2023,AFR,15.5,15,16,57.689212457008374,240
2015,AFR,4,3.9,4.1,22,500
2016,AFR,4.8,4.7,4.9,28,510
2017,AFR,5.6,5.5,5.8,33,470
2018,AFR,5.1,5,5.3,30,430
2019,AFR,5.6,5.5,5.7,34,480
2020,AFR,5.4,5.2,5.5,33,430
2021,AFR,5.9,5.7,6,36,400
2022,AFR,18,17,18,3,430
2023,AFR,10,10,11,43,480
2015,EUR,4,3.9,4.2,58.07126395199246,4.9
2016,EUR,5.9,5.75,6.1,57.927694688606564,4.5
2017,EUR,11,11,11,100,4.2
2018,EUR,9,8.7,9.4,100,3.7
2019,EUR,11,11,11,100,3.7
2020,EUR,25,24,26,100,3.2
2021,EUR,10,10,11,100,2.6
2022,EUR,27,26,28,100,3
2023,EUR,3.8,3.7,4,100,2.5
2015,AFR,5,4.9,5.1,57.714691121836516,240
2016,AFR,5.15,5,5.25,57.729262984662356,1000
2017,AFR,1.5,1.4,1.5,9.2,970
2018,AFR,2.3,2.2,2.4,15,830
2019,AFR,6,5.8,6.1,39,790
2020,AFR,5.9,5.7,6,39,500
2021,AFR,11,11,11,74,430
2022,AFR,17,16,17,22,500
2023,AFR,27,26,27,47,460
2015,AFR,5,4.9,5.1,51.05820325788884,240
2016,AFR,5.15,5,5.25,51.68452078676694,240
2017,AFR,1.9,1.8,1.9,10,240
2018,AFR,6.15,6,6.3,21,240
2019,AFR,7.2,7,7.4,32,240
2020,AFR,5.4,5.3,5.5,30,240
2021,AFR,13,13,14,73,240
2022,AFR,27,26,28,100,240
2023,AFR,25,24,26,37,240
2015,WPR,4.7,4.6,4.9,100,18
2016,WPR,7.2,7,7.4,100,14
2017,WPR,18,18,19,100,16
2018,WPR,10,10,11,100,16
2019,WPR,10,10,11,100,15
2020,WPR,10,10,11,100,13
2021,WPR,10,10,11,100,14
2022,WPR,10,10,11,50,16
2023,WPR,26,25,26,100,15
2015,EUR,4,3.9,4.2,57.932994342738766,4.6
2016,EUR,5.9,5.75,6.1,57.94591242520698,3.6
2017,EUR,28.5,27.5,29.5,57.93183069720913,3.8
2018,EUR,10,10,11,58.0715344660627,3.6
2019,EUR,10,10,11,57.92496777240153,3.4
2020,EUR,28.5,28,29.5,57.97569944898813,2.5
2021,EUR,10,31,33,57.9312352762362,2.4
2022,EUR,10,10,11,57.9305816873671,2.7
2023,EUR,10,10,11,57.946203748051865,2.2
2015,EUR,4,3.9,4.2,57.943523766399686,79
2016,EUR,5.9,5.75,6.1,57.91196277161895,73
2017,EUR,28.5,27.5,29.5,57.92324925281025,77
2018,EUR,10,10,11,57.931471135610664,73
2019,EUR,10,10,11,57.918148686204994,66
2020,EUR,28.5,28,29.5,57.917798712099966,62
2021,EUR,10,31,33,57.916863479727354,53
2022,EUR,30,29,32,100,53
2023,EUR,10,10,11,100,62
2015,AFR,5,4.9,5.1,57.64044154702909,240
2016,AFR,5.15,5,5.25,57.69991205820643,240
2017,AFR,5.6,5.5,5.8,57.68424625075854,240
2018,AFR,6.15,6,6.3,57.6553385492548,240
2019,AFR,7.2,7,7.4,57.68058118993498,240
2020,AFR,7.7,7.5,7.9,0,35
2021,AFR,10.5,10.5,11,57.665358754395996,240
2022,AFR,12,12,13,57.49489821014028,240
2023,AFR,15.5,15,16,57.53548122495507,240
2015,AFR,5,4.9,5.1,57.620874507652985,240
2016,AFR,5.15,5,5.25,57.58552284049312,240
2017,AFR,5.6,5.5,5.8,57.73934318779833,240
2018,AFR,6.15,6,6.3,57.60325771684922,240
2019,AFR,7.2,7,7.4,57.629741945831036,240
2020,AFR,2.5,2.5,2.6,15,240
2021,AFR,3.1,3.1,3.2,20,240
2022,AFR,5.9,5.8,6,34,240
2023,AFR,6.3,6.2,6.5,36,240
2015,EUR,2.9,2.9,3,29,470
2016,EUR,3,3,3.1,29,460
2017,EUR,2.1,2.1,2.2,20,410
2018,EUR,3.1,3,3.1,29,380
2019,EUR,1.9,1.8,1.9,19,360
2020,EUR,5,4.9,5.2,12,270
2021,EUR,12,11,12,13,240
2022,EUR,18,18,19,17,230
2023,EUR,17,17,18,12,200
2015,EUR,4,3.9,4.2,57.91641778284658,80
2016,EUR,5.9,5.75,6.1,57.926850620913896,81
2017,EUR,28.5,27.5,29.5,58.05584464998833,79
2018,EUR,10,10,11,57.93994369043463,82
2019,EUR,10,10,11,57.93294904197367,73
2020,EUR,28.5,28,29.5,57.91288852040821,65
2021,EUR,10,31,33,57.918154590482615,61
2022,EUR,10,10,11,57.919331011295405,66
2023,EUR,10,10,11,57.933157129720016,72
2015,AFR,5,4.9,5.1,57.09421102917888,240
2016,AFR,5.15,5,5.25,57.18105251315584,240
2017,AFR,5.6,5.5,5.8,57.10174835163022,240
2018,AFR,6.15,6,6.3,57.12447840453658,240
2019,AFR,0.07,0.07,0.08,0.42,240
2020,AFR,0.79,0.77,0.82,2,240
2021,AFR,24,23,24,26,240
2022,AFR,10,10,11,19,240
2023,AFR,10,10,11,22,240
2015,EUR,4,3.9,4.2,57.92534494292276,9.4
2016,EUR,5.9,5.75,6.1,57.92724328320618,8.8
2017,EUR,28.5,27.5,29.5,57.990687083728524,8.6
2018,EUR,10,10,11,57.92462041087432,7.2
2019,EUR,10,10,11,57.97299382492168,8.4
2020,EUR,28.5,28,29.5,57.923551827368044,8.5
2021,EUR,10,31,33,57.950283717972106,3.9
2022,EUR,10,10,11,57.93950138916371,6
2023,EUR,10,10,11,57.952053430543955,9.6
2015,AMR,7.7,7.5,7.9,51,240
2016,AMR,8,7.8,8.2,54,240
2017,AMR,9.1,8.8,9.3,62,240
2018,AMR,12,11,12,73,240
2019,AMR,11,10,11,68,240
2020,AMR,11,11,12,54,1000
2021,AMR,13,13,13,52,1100
2022,AMR,19,19,20,49,240
2023,AMR,16,16,17,46,240
2015,AFR,5,4.9,5.1,56.418635469048546,240
2016,AFR,6.3,6.2,6.5,34,240
2017,AFR,13,13,14,73,240
2018,AFR,14,14,14,8,240
2019,AFR,18,17,18,88,240
2020,AFR,19,18,19,100,240
2021,AFR,20,20,21,92,240
2022,AFR,10,10,11,100,240
2023,AFR,10,10,11,100,240
2015,AFR,5,4.9,5.1,57.71593285709486,240
2016,AFR,0.98,0.96,1,5.6,240
2017,AFR,4.1,4,4.2,24,240
2018,AFR,6.15,6,6.3,16,240
2019,AFR,3.4,3.3,3.5,21,240
2020,AFR,4.2,4.1,4.2,26,240
2021,AFR,2.6,2.6,2.7,17,240
2022,AFR,3.8,3.7,3.9,25,240
2023,AFR,4.5,4.4,4.6,29,240
2015,AMR,0.96,0.94,0.99,6.7,100
2016,AMR,0.35,0.34,0.36,2.4,120
2017,AMR,9.8,9.5,10,7.1,110
2018,AMR,10,10,11,5.7,120
2019,AMR,19,19,20,2.5,120
2020,AMR,12,12,12,5.7,70
2021,AMR,13,13,13,8.6,93
2022,AMR,6.2,6.1,6.4,7.6,66
2023,AMR,8.7,8.5,9,100,79
2015,AMR,8.7,8.5,9,56.882458222010825,240
2016,AMR,0.26,0.25,0.26,1.7,240
2017,AMR,3.2,3.1,3.2,22,240
2018,AMR,4.8,4.7,5,34,240
2019,AMR,7.5,7.3,7.7,43,240
2020,AMR,3.7,3.6,3.8,27,240
2021,AMR,2.7,2.6,2.8,18,240
2022,AMR,5.7,5.6,5.8,33,240
2023,AMR,9.1,8.9,9.3,41,240
2015,AMR,10,10,11,100,860
2016,AMR,10,10,11,100,850
2017,AMR,10,10,11,100,850
2018,AMR,18,18,19,39,890
2019,AMR,10,10,11,100,780
2020,AMR,10,10,11,99,610
2021,AMR,17,16,17,74,650
2022,AMR,15,15,15,66,720
2023,AMR,23,23,24,27,830
2015,EUR,4,3.9,4.2,57.92442083998341,11
2016,EUR,5.9,5.75,6.1,57.94605856999338,10
2017,EUR,28.5,27.5,29.5,58.00684000984844,9.1
2018,EUR,13,13,14,84,9.5
2019,EUR,10,10,11,100,8.1
2020,EUR,28.5,28,29.5,58.016477372687966,5.4
2021,EUR,10,31,33,100,5
2022,EUR,10,10,11,57.976261769267225,6.9
2023,EUR,10,10,11,57.93036982455699,9.4
2015,EUR,4,3.9,4.2,57.940722864234765,0.13
2016,EUR,5.9,5.75,6.1,57.9383436479117,0.2
2017,EUR,28.5,27.5,29.5,57.92871228602259,0.32
2018,EUR,10,10,11,57.93895353835408,0.11
2019,EUR,10,10,11,57.937615099117515,0.15
2020,EUR,28.5,28,29.5,57.93420759097274,0.19
2021,EUR,10,31,33,57.931251778246725,0.19
2022,EUR,10,10,11,57.935063121628595,0.34
2023,EUR,10,10,11,57.93166393699367,0.34
2015,SEA,3.7,3.6,3.8,-8.649693564780797,240
2016,SEA,0.23,0.22,0.23,2,240
2017,SEA,1.3,1.2,1.3,11,240
2018,SEA,3.1,3,3.2,28,240
2019,SEA,3.6,3.5,3.7,34,240
2020,SEA,4.6,4.5,4.7,44,240
2021,SEA,7,6.8,7.2,25,240
2022,SEA,24,23,24,49,240
2023,SEA,10,30,32,55,240
2015,WPR,2.1,2.05,2.2,44.81527528628107,240
2016,WPR,0.18,0.18,0.19,1.5,240
2017,WPR,1.1,1,1.1,9.2,240
2018,WPR,1.3,1.3,1.4,12,240
2019,WPR,1.1,1.1,1.1,10,240
2020,WPR,0.49,0.48,0.51,3.8,240
2021,WPR,0.6,0.58,0.61,3.7,240
2022,WPR,1.9,1.9,2,7.1,240
2023,WPR,3.5,3.4,3.6,5.9,240
2015,EMR,21,20,21,100,450
2016,EMR,22,22,23,100,370
2017,EMR,10,10,11,100,370
2018,EMR,25,24,25,100,370
2019,EMR,22,21,22,100,400
2020,EMR,24,23,25,100,230
2021,EMR,19,19,20,100,270
2022,EMR,19,19,20,100,310
2023,EMR,22,21,22,100,300
2015,EMR,22,22,23,100,700
2016,EMR,10,10,11,100,630
2017,EMR,20,20,21,100,610
2018,EMR,16,15,16,100,490
2019,EMR,25,25,26,100,450
2020,EMR,10,10,10,100,360
2021,EMR,20,19,20,100,440
2022,EMR,10,10,11,100,500
2023,EMR,10,10,11,100,460
2015,EUR,4,3.9,4.2,57.92966610128318,7.1
2016,EUR,5.9,5.75,6.1,57.939106022445664,7.9
2017,EUR,28.5,27.5,29.5,58.07068130630269,7.7
2018,EUR,10,10,11,57.933025797582694,8
2019,EUR,10,10,11,57.934901199877615,6.8
2020,EUR,28.5,28,29.5,57.927403365761684,5.9
2021,EUR,10,31,33,57.93191819073539,4.8
2022,EUR,10,10,11,57.95178243310975,3.8
2023,EUR,10,10,11,57.99154024348854,4.5
2015,EUR,4,3.9,4.2,57.92199589269256,12
2016,EUR,5.9,5.75,6.1,57.94168727722826,9.7
2017,EUR,28.5,27.5,29.5,57.92403776518456,10
2018,EUR,10,10,11,57.925778152126334,13
2019,EUR,10,10,11,57.931506273670415,8.2
2020,EUR,28.5,28,29.5,57.92586516228863,6.9
2021,EUR,10,31,33,57.9320184595448,10
2022,EUR,10,10,11,57.936803798588755,7.6
2023,EUR,10,10,11,57.931529211658905,8.8
2015,EUR,4,3.9,4.2,57.941752603735935,52
2016,EUR,5.9,5.75,6.1,57.931428551333475,59
2017,EUR,28.5,27.5,29.5,57.914751254483775,52
2018,EUR,10,10,11,57.91807890551159,50
2019,EUR,10,10,11,57.931177879309935,46
2020,EUR,28.5,28,29.5,57.92230095754852,29
2021,EUR,10,31,33,57.94508200767745,36
2022,EUR,10,10,11,57.93175955827178,29
2023,EUR,10,10,11,57.91933924054489,34
2015,AMR,1.6,1.5,1.6,58,3.4
2016,AMR,7.5,7.3,7.7,57.94291499493169,3.8
2017,AMR,1.5,1.4,1.5,28,3.6
2018,AMR,15,14.5,15.5,57.953510044768365,2.6
2019,AMR,13,13,13.5,57.934064107100554,2.3
2020,AMR,10,9.9,10.6,57.931360128884016,1.8
2021,AMR,13,13,13,57.949201178327144,2
2022,AMR,12,11,12,57.93336677146832,2.1
2023,AMR,11,10.5,11,57.93085645986507,2.8
2015,WPR,1.2,1.2,1.2,63,280
2016,WPR,1.1,1.1,1.2,59,260
2017,WPR,9.7,9.4,10,61,250
2018,WPR,9.7,9.4,10,66,230
2019,WPR,10,9.8,10,100,210
2020,WPR,9.7,9.4,10,60,170
2021,WPR,8.3,8,8.6,35,150
2022,WPR,8.5,8.2,8.8,45,130
2023,WPR,8.6,8.3,8.9,53,130
2015,EMR,10,10,11,100,14
2016,EMR,4.4,4.300000000000001,4.5,100,12
2017,EMR,10,10,11,100,24
2018,EMR,10,10,11,100,17
2019,EMR,10,10,11,100,10
2020,EMR,10,10,10,58.06937035350072,14
2021,EMR,15.5,15.5,16,100,9.9
2022,EMR,19,19,20,57.931131715727,10
2023,EMR,18,18,19,68,10
2015,EUR,2.2,2.1,2.2,15,240
2016,EUR,2,1.9,2,14,240
2017,EUR,3.3,3.2,3.4,11,240
2018,EUR,6.1,6,6.3,21,240
2019,EUR,3.9,3.8,4,18,240
2020,EUR,22,22,23,46,240
2021,EUR,25,24,26,55,240
2022,EUR,28,28,29,60,240
2023,EUR,10,10,35,66,240
2015,AFR,1.2,1.2,1.3,6.4,240
2016,AFR,3,2.9,3.1,16,240
2017,AFR,5.5,5.3,5.6,30,240
2018,AFR,6.4,6.2,6.6,32,240
2019,AFR,7.1,6.9,7.3,37,240
2020,AFR,8.3,8.1,8.6,44,240
2021,AFR,7,6.8,7.2,31,240
2022,AFR,28,27,29,30,240
2023,AFR,10,10,11,20,240
2015,WPR,9.2,9,9.4,59,210
2016,WPR,14,14,14,91,130
2017,WPR,16,16,16,90,130
2018,WPR,15,14,15,89,110
2019,WPR,12,11,12,62,130
2020,WPR,18,18,19,100,130
2021,WPR,23,23,24,100,130
2022,WPR,11.25,11.1,11.4,47,84
2023,WPR,14,13,14,37,160
2015,EMR,3.8,3.7,3.8,100,62
2016,EMR,3.9,3.8,4,100,41
2017,EMR,10,10,11,100,39
2018,EMR,10,10,11,100,33
2019,EMR,10,10,11,100,31
2020,EMR,10,10,11,100,26
2021,EMR,15.5,15.5,16,57.92001789661635,35
2022,EMR,10,10,11,100,20
2023,EMR,10,10,11,100,17
2015,EUR,8.2,8,8.4,51,240
2016,EUR,13,13,13,82,240
2017,EUR,8.9,8.7,9.1,36,240
2018,EUR,6.7,6.5,6.8,26,240
2019,EUR,5.6,5.4,5.7,20,240
2020,EUR,4.7,4.6,4.8,12,970
2021,EUR,4.6,4.5,4.7,12,1000
2022,EUR,7.1,6.9,7.3,21,1000
2023,EUR,6.4,6.3,6.6,19,990
2015,WPR,7,6.8,7.2,51,240
2016,WPR,4.8,4.7,4.9,35,240
2017,WPR,4.4,4.3,4.5,32,240
2018,WPR,2.7,2.6,2.8,20,240
2019,WPR,1.9,1.9,2,14,240
2020,WPR,1.6,1.5,1.6,12,240
2021,WPR,1.3,1.3,1.3,9.9,240
2022,WPR,1.5,1.5,1.5,12,240
2023,WPR,10,10,11,57.44281723077798,240
2015,EUR,0.96,0.93,1,38,16
2016,EUR,1.4,1.3,1.4,52,15
2017,EUR,1.8,1.7,1.9,15,14
2018,EUR,10,10,11,56.48155031367721,240
2019,EUR,10,10,11,56.49288441513941,240
2020,EUR,28.5,28,29.5,56.56341718604349,240
2021,EUR,10,31,33,57.92736174821241,6.1
2022,EUR,10,10,11,57.92890633932704,7.2
2023,EUR,10,10,11,56.588275703724165,240
2015,EMR,4.6,4.5,4.7,100,24
2016,EMR,2.1,2.1,2.2,65,29
2017,EMR,10,10,11,100,31
2018,EMR,10,10,11,100,31
2019,EMR,10,10,34,100,40
2020,EMR,28,28,29,100,31
2021,EMR,10,10,11,100,21
2022,EMR,23,22,23,100,22
2023,EMR,28,28,29,100,25
2015,AFR,5,4.9,5.1,57.65681660257452,240
2016,AFR,5.15,5,5.25,57.59554289867761,240
2017,AFR,5.6,5.5,5.8,57.73934318779833,240
2018,AFR,7,6.8,7.2,41,240
2019,AFR,3.4,3.3,3.5,61,240
2020,AFR,9.8,9.5,10,28,240
2021,AFR,15,14,15,82,240
2022,AFR,23,23,24,100,240
2023,AFR,10,10,11,100,240
2015,AFR,5,4.9,5.1,57.679990762173325,240
2016,AFR,0.9,0.88,0.93,4.8,240
2017,AFR,1.2,1.2,1.2,6.4,240
2018,AFR,0.4,0.39,0.41,2.2,240
2019,AFR,0.49,0.48,0.51,43.6989254760902,240
2020,AFR,0.74,0.72,0.76,4.1,240
2021,AFR,1.4,1.3,1.4,7.7,240
2022,AFR,1.5,1.4,1.5,8.4,240
2023,AFR,0.55,0.54,0.56,3.2,240
2015,EMR,6.1,5.949999999999999,6.25,57.93292774983508,66
2016,EMR,4.4,4.300000000000001,4.5,57.92893149837734,71
2017,EMR,16,15.5,16.5,57.940962837027755,70
2018,EMR,16,15,16,57.911939154508495,93
2019,EMR,3.5,3.4,3.6,7.8,100
2020,EMR,3.3,3.2,3.3,12,94
2021,EMR,2.8,2.7,2.9,13,100
2022,EMR,19,19,20,57.949168261329206,130
2023,EMR,2.5,2.4,2.5,4.4,140
2015,EUR,2.1,2,2.2,86,32
2016,EUR,5.9,5.75,6.1,57.93388302001241,33
2017,EUR,28.5,27.5,29.5,57.924988385418146,31
2018,EUR,10,10,11,57.93321026821857,27
2019,EUR,10,10,11,57.95011869786691,26
2020,EUR,28.5,28,29.5,57.95346939394702,17
2021,EUR,10,31,33,58.06895417800803,16
2022,EUR,10,10,11,57.96529264485109,17
2023,EUR,10,10,11,58.004134385782,15
2015,EUR,4,3.9,4.2,57.946524203181234,0.66
2016,EUR,5.9,5.75,6.1,100,0.71
2017,EUR,0,0,0,0,0.67
2018,EUR,10,10,11,57.93376218652278,0.91
2019,EUR,10,10,11,57.95384298516252,1
2020,EUR,17,17,18,0,0.71
2021,EUR,10,31,33,57.93023810090365,0.8
2022,EUR,10,10,11,57.981933610447,0.95
2023,EUR,14,14,15,100,0.85
2015,AFR,5,4.9,5.1,26,240
2016,AFR,5.5,5.3,5.6,29,240
2017,AFR,4.3,4.2,4.4,23,240
2018,AFR,6.9,6.8,7.1,38,240
2019,AFR,7.2,7,7.4,39,240
2020,AFR,7.4,7.2,7.6,40,240
2021,AFR,10,9.8,10,55,240
2022,AFR,10,9.8,10,55,240
2023,AFR,10,10,11,57,240
2015,AFR,9.4,9.1,9.6,45,240
2016,AFR,11,11,11,53,240
2017,AFR,14,14,15,73,240
2018,AFR,14,13,14,70,240
2019,AFR,12,12,13,65,240
2020,AFR,12,12,12,63,240
2021,AFR,9.4,9.2,9.7,51,240
2022,AFR,9.8,9.5,10,53,240
2023,AFR,9.3,9,9.5,51,240
2015,WPR,2.1,2.05,2.2,57.64588009548825,240
2016,WPR,0.54,0.52,0.55,19,240
2017,WPR,4.8,4.7,4.9,100,240
2018,WPR,3.3,3.2,3.4,89,240
2019,WPR,4.6,4.5,4.7,100,240
2020,WPR,7.7,7.6,7.9,100,240
2021,WPR,11,10,11,100,1100
2022,WPR,14,14,14,70,240
2023,WPR,19,18,19,100,1100
2015,SEA,3.7,3.6,3.8,100,13
2016,SEA,4.4,4.3,4.5,100,8.6
2017,SEA,1,0.97,1,0,10
2018,SEA,3.5,3.4,3.6,87,10
2019,SEA,2.4,2.3,2.5,67,10
2020,SEA,6.7,6.6,6.9,57.93016977030213,6.1
2021,SEA,0.51,0.5,0.52,0,4
2022,SEA,7.9,7.7,8.1,34,3
2023,SEA,7.6,7.3999999999999995,7.8,57.9443929012947,3.8
2015,AFR,1,1,1.1,4.7,240
2016,AFR,1.9,1.8,1.9,8.5,240
2017,AFR,0.79,0.77,0.81,3.7,240
2018,AFR,2.6,2.6,2.7,3.7,240
2019,AFR,1.5,1.5,1.6,3.1,240
2020,AFR,3.6,3.5,3.7,12,240
2021,AFR,4.9,4.8,5,11,240
2022,AFR,8.1,7.9,8.2,17,240
2023,AFR,17,16,17,24,240
2015,EUR,4,3.9,4.2,58.06773541460003,0.55
2016,EUR,5.9,5.75,6.1,57.98190239728505,1.1
2017,EUR,28.5,27.5,29.5,57.9391055390817,0.8
2018,EUR,10,10,11,57.93287544270497,0.91
2019,EUR,10,10,11,57.974450439146096,1.4
2020,EUR,28.5,28,29.5,57.93009243948121,1.5
2021,EUR,10,10,11,0,0.83
2022,EUR,10,10,11,0,0.87
2023,EUR,14,14,15,0,0.87
2015,AFR,5,4.9,5.1,57.674787650035285,240
2016,AFR,5.15,5,5.25,57.70431607221148,1100
2017,AFR,5.6,5.5,5.8,57.67505367318063,240
2018,AFR,6.15,6,6.3,57.69884781866835,1100
2019,AFR,7.2,7,7.4,57.72367664556689,1100
2020,AFR,7.7,7.5,7.9,57.711853394662825,1100
2021,AFR,10.5,10.5,11,57.83304171642953,1100
2022,AFR,12,12,13,57.797690049269654,1000
2023,AFR,15.5,15,16,57.72276019666512,1000
2015,AFR,6.2,6,6.3,100,5.6
2016,AFR,6.2,6,6.4,100,5
2017,AFR,10,10,11,100,4.7
2018,AFR,10,10,11,98,5.1
2019,AFR,10,10,11,100,4.6
2020,AFR,7.7,7.5,7.9,100,3.5
2021,AFR,10.5,10.5,11,100,3.5
2022,AFR,10,10,11,100,4.7
2023,AFR,10,10,11,100,4
2015,AMR,9.6,9.4,9.9,100,240
2016,AMR,7.7,7.5,7.9,100,240
2017,AMR,8.9,8.7,9.2,100,240
2018,AMR,7.8,7.6,8.1,100,240
2019,AMR,5.7,5.6,5.9,100,240
2020,AMR,4.7,4.6,4.9,98,780
2021,AMR,4.6,4.5,4.7,85,960
2022,AMR,5.1,4.9,5.2,90,240
2023,AMR,5.7,5.6,5.9,80,240
2015,EUR,4,3.9,4.2,58.01907895288124,0
2016,EUR,5.9,5.75,6.1,58.03681382923734,0
2017,EUR,28.5,27.5,29.5,58.04124754832637,0
2018,EUR,10,10,11,57.96291851108691,0
2019,EUR,10,10,11,57.93720294037056,0
2020,EUR,28.5,28,29.5,57.92529101508472,0
2021,EUR,10,31,33,57.95109526018284,0
2022,EUR,10,10,11,56.4882798021781,240
2023,EUR,10,10,11,56.69202558996126,240
2015,WPR,2.5,2.5,2.6,16,820
2016,WPR,2.3,2.3,2.4,14,750
2017,WPR,3.7,3.6,3.8,16,750
2018,WPR,2.3,2.2,2.3,8.5,710
2019,WPR,6.3,6.2,6.5,10,830
2020,WPR,3.3,3.2,3.4,9.7,730
2021,WPR,4.3,4.2,4.4,9.9,470
2022,WPR,16,15,16,13,560
2023,WPR,14,14,14,14,600
2015,EUR,4,3.9,4.2,57.94164517631503,2.8
2016,EUR,5.9,5.75,6.1,57.95049180571845,2.9
2017,EUR,28.5,27.5,29.5,57.99187318388269,2.9
2018,EUR,10,10,11,57.932419730540474,3.1
2019,EUR,10,10,11,57.92718463194604,3.4
2020,EUR,28.5,28,29.5,100,1.5
2021,EUR,10,31,33,57.971182494800566,2.9
2022,EUR,10,10,11,58.07170093625978,2.8
2023,EUR,10,10,11,58.06143882681725,2.4
2015,EMR,6.1,5.949999999999999,6.25,56.78739987256895,240
2016,EMR,0.14,0.14,0.14,1.2,240
2017,EMR,0.77,0.75,0.79,2.7,240
2018,EMR,1.4,1.4,1.5,2.9,240
2019,EMR,1.4,1.3,1.4,7.6,240
2020,EMR,2,1.9,2,7,240
2021,EMR,1.4,1.4,1.4,4.3,240
2022,EMR,2.7,2.7,2.8,12,240
2023,EMR,3.9,3.8,4,15,240
2015,AFR,5,4.9,5.1,53.985161456824265,240
2016,AFR,20,20,21,94,240
2017,AFR,25,25,26,100,240
2018,AFR,25,25,26,100,240
2019,AFR,28,27,29,100,240
2020,AFR,10,10,11,100,240
2021,AFR,10,10,11,83,240
2022,AFR,10,10,11,85,240
2023,AFR,10,10,11,91,240
2015,SEA,0.39,0.38,0.4,3.6,240
2016,SEA,0.21,0.21,0.22,2,240
2017,SEA,0.24,0.23,0.24,2.2,240
2018,SEA,3.5,3.4,3.6,3,240
2019,SEA,0.74,0.72,0.76,6.9,240
2020,SEA,1.5,1.5,1.6,14,240
2021,SEA,0.69,0.67,0.7,6.5,240
2022,SEA,1.1,1.1,1.2,11,240
2023,SEA,3.8,3.7,3.9,15,240
2015,AFR,5,4.9,5.1,57.3502423518528,240
2016,AFR,4.6,4.5,4.8,26,240
2017,AFR,6.1,5.9,6.2,34,240
2018,AFR,9.3,9,9.5,42,240
2019,AFR,13,13,13,60,240
2020,AFR,14,13,14,66,240
2021,AFR,11,11,11,53,240
2022,AFR,16,16,17,52,240
2023,AFR,25,25,26,51,240
2015,SEA,3.7,3.6,3.8,56.47071644841084,240
2016,SEA,2.45,2.4000000000000004,2.55,56.54644392958127,240
2017,SEA,0.15,0.15,0.16,1.2,240
2018,SEA,1.1,1.1,1.2,8.7,240
2019,SEA,4.4,4.3,4.5,35,240
2020,SEA,4.5,4.3,4.6,36,240
2021,SEA,4.4,4.3,4.5,37,240
2022,SEA,4.9,4.8,5.1,42,240
2023,SEA,5.8,5.6,5.9,49,240
2015,EUR,4,3.9,4.2,100,12
2016,EUR,4.5,4.4,4.7,100,10
2017,EUR,10,10,11,100,10
2018,EUR,10,10,11,93,11
2019,EUR,10,10,11,100,9.9
2020,EUR,10,10,11,100,7.7
2021,EUR,10,10,11,100,8.9
2022,EUR,10,10,11,79,8.9
2023,EUR,10,10,11,100,11
2015,WPR,13,13,14,100,6
2016,WPR,14,13,14,100,6
2017,WPR,11,11,12,100,6.7
2018,WPR,4.9,4.8,5.1,100,6.5
2019,WPR,6.3,6.2,6.5,57.93177678774067,6.9
2020,WPR,11.85,11.7,12,57.93008440598973,5.8
2021,WPR,9.15,8.95,9.8,57.93134996617867,5.4
2022,WPR,11.25,11.1,11.4,57.97653228333748,5.6
2023,WPR,10,10,11,58.02089028300236,5.5
2015,AMR,4.9,4.8,5,37,810
2016,AMR,3.5,3.4,3.6,27,750
2017,AMR,4.3,4.2,4.4,33,780
2018,AMR,13,12,13,58,720
2019,AMR,13,13,13,100,750
2020,AMR,15,15,15,60,630
2021,AMR,18,17,18,57,610
2022,AMR,15,15,16,3.3,690
2023,AMR,13,13,13,43,680
2015,AFR,2.8,2.8,2.9,12,240
2016,AFR,4.7,4.6,4.8,21,240
2017,AFR,4.3,4.2,4.4,20,240
2018,AFR,8.3,8.1,8.5,38,240
2019,AFR,16,16,16,74,240
2020,AFR,18,17,18,82,240
2021,AFR,15,15,16,73,240
2022,AFR,12,12,13,61,240
2023,AFR,13,13,14,65,240
2015,AFR,3.3,3.2,3.4,16,240
2016,AFR,3.8,3.7,3.8,18,240
2017,AFR,4,3.9,4.1,20,240
2018,AFR,4,3.9,4.1,20,240
2019,AFR,3.8,3.7,3.8,18,240
2020,AFR,2.8,2.8,2.9,14,240
2021,AFR,3.3,3.2,3.3,13,240
2022,AFR,15,14,15,25,240
2023,AFR,29,28,30,46,240
2015,EUR,16,16,17,100,9.7
2016,EUR,5.7,5.6,5.9,100,8.9
2017,EUR,16,15,16,100,7.6
2018,EUR,16,16,17,100,7.2
2019,EUR,20,20,21,100,6.7
2020,EUR,10,9.9,10,100,4.9
2021,EUR,0,0,0,0,5
2022,EUR,10,10,11,57.93162473867664,5.5
2023,EUR,22,21,22,100,4.8
2015,EUR,4,3.9,4.2,57.94695334730266,5.7
2016,EUR,21,20,21,100,4.8
2017,EUR,28.5,27.5,29.5,57.9915818610378,4.3
2018,EUR,10,10,11,100,3.2
2019,EUR,10,10,11,100,2.7
2020,EUR,29,28,30,100,2.4
2021,EUR,10,31,33,57.93072734878954,2
2022,EUR,10,10,11,100,2.7
2023,EUR,10,10,11,58.00523676747366,2.6
2015,EMR,6.1,5.949999999999999,6.25,57.942145070270215,7.5
2016,EMR,4.4,4.300000000000001,4.5,57.947579060633586,24
2017,EMR,16,15.5,16.5,57.924234044375666,19
2018,EMR,2.9,2.9,3,17,12
2019,EMR,10,10,11,47,8.5
2020,EMR,10,10,10,24,8.3
2021,EMR,7.1,6.9,7.2,43,9.4
2022,EMR,10,31,33,11,9.2
2023,EMR,13,12,13,100,7.2
2015,EMR,5.9,5.8,6,100,39
2016,EMR,7.8,7.7,8,100,39
2017,EMR,10,31,32,100,35
2018,EMR,29,28,30,100,32
2019,EMR,17,16,17,100,57
2020,EMR,17,17,18,100,47
2021,EMR,21,20,21,100,32
2022,EMR,14,14,14,100,56
2023,EMR,15,15,15,100,74
2015,EMR,6.1,5.949999999999999,6.25,35.03544678936191,240
2016,EMR,4.4,4.300000000000001,4.5,32.95558908130734,240
2017,EMR,16,15.5,16.5,32.96489989139429,240
2018,EMR,0.82,0.8,0.84,5.4,240
2019,EMR,0.8,0.78,0.81,5.4,240
2020,EMR,0.73,0.71,0.74,4.8,240
2021,EMR,0.66,0.64,0.67,3,240
2022,EMR,1.1,1.1,1.1,5.9,240
2023,EMR,3.2,3.1,3.2,2.5,240
2015,AMR,10,9.8,10,100,73
2016,AMR,8.9,8.6,9.1,100,77
2017,AMR,15,15,16,100,88
2018,AMR,19,19,20,100,85
2019,AMR,13,13,13.5,57.93708950476197,46
2020,AMR,10,9.9,10.6,57.921067818931434,47
2021,AMR,12,12,13,100,67
2022,AMR,11,10,11,100,76
2023,AMR,11,10,11,100,95
2015,WPR,2.1,2.05,2.2,57.36386791373619,240
2016,WPR,2,2,2.1,57.32092039569729,240
2017,WPR,6.35,6.199999999999999,6.5,57.45316257531904,240
2018,WPR,4.8,4.7,5,27,240
2019,WPR,6,5.8,6.1,35,240
2020,WPR,5.3,5.2,5.5,24,240
2021,WPR,5,4.9,5.1,27,240
2022,WPR,4.5,4.4,4.6,24,240
2023,WPR,4.3,4.2,4.4,21,240
2015,AMR,4.6,4.5,4.8,34,610
2016,AMR,4.5,4.4,4.7,33,610
2017,AMR,8.6,8.4,8.9,58,660
2018,AMR,8.2,8,8.4,33,630
2019,AMR,4.4,4.3,4.5,30,680
2020,AMR,4.3,4.1,4.4,17,540
2021,AMR,8.1,7.9,8.3,11,680
2022,AMR,8,7.8,8.2,7.5,810
2023,AMR,11,11,12,11,900
2015,AMR,9.5,9.3,9.8,78,240
2016,AMR,9.1,8.9,9.4,76,240
2017,AMR,8.7,8.5,9,74,240
2018,AMR,11,11,12,52,240
2019,AMR,12,12,12,57,240
2020,AMR,9,8.8,9.2,41,240
2021,AMR,6.3,6.2,6.5,34,240
2022,AMR,5.8,5.6,5.9,27,240
2023,AMR,6.7,6.5,6.9,27,240
2015,WPR,2.2,2.1,2.3,15,240
2016,WPR,0.78,0.76,0.8,5.6,240
2017,WPR,1.8,1.8,1.9,13,240
2018,WPR,1.4,1.3,1.4,10,240
2019,WPR,1.4,1.4,1.5,3.7,240
2020,WPR,0.95,0.93,0.97,6.1,240
2021,WPR,2.2,2.1,2.2,6.1,240
2022,WPR,5.6,5.5,5.7,11,240
2023,WPR,6.8,6.6,7,13,240
2015,EUR,4,3.9,4.2,57.90390890095544,160
2016,EUR,5.9,5.75,6.1,57.90244280314767,150
2017,EUR,28.5,27.5,29.5,57.91752925660558,140
2018,EUR,10,10,11,57.93438919769912,130
2019,EUR,10,10,11,57.922565946795054,130
2020,EUR,28.5,28,29.5,57.947125134503324,83
2021,EUR,10,31,33,57.91048844456169,95
2022,EUR,10,10,11,57.922293982632915,110
2023,EUR,10,10,11,57.91017515045624,110
2015,EUR,6.5,6.2,6.7,100,35
2016,EUR,6.1,5.9,6.3,100,29
2017,EUR,10,10,11,100,29
2018,EUR,10,10,11,100,30
2019,EUR,10,10,11,100,28
2020,EUR,10,10,11,100,23
2021,EUR,10,10,11,100,24
2022,EUR,10,10,11,100,24
2023,EUR,10,10,11,100,23
2015,AMR,2,1.9,2.1,100,0.98
2016,AMR,4.4,4.3,4.5,100,1.3
2017,AMR,26,26,27,100,0.79
2018,AMR,10,30,32,0,0.42
2019,AMR,10,10,11,100,0.73
2020,AMR,10,10,11,100,0.51
2021,AMR,26,26,27,0,0.32
2022,AMR,17,17,18,100,0.38
2023,AMR,10,10,11,100,0.3
2015,EMR,6.1,5.949999999999999,6.25,57.930771578916634,9.6
2016,EMR,0.56,0.54,0.57,32,16
2017,EMR,0,0,0,0,20
2018,EMR,10,10,11,94,20
2019,EMR,10,10,11,0,27
2020,EMR,21,21,22,100,24
2021,EMR,16,16,16,84,26
2022,EMR,19,19,20,13,23
2023,EMR,13,12,13,57.932416922204645,23
2015,WPR,2,1.9,2,93,510
2016,WPR,1.7,1.7,1.8,85,490
2017,WPR,13,13,14,79,470
2018,WPR,13,12,13,78,430
2019,WPR,13,12,13,68,370
2020,WPR,16,15,17,88,270
2021,WPR,19,19,20,73,230
2022,WPR,17,16,17,62,200
2023,WPR,17,16,17,71,180
2015,EUR,4,3.9,4.2,57.865235355857315,370
2016,EUR,5.9,5.75,6.1,57.9657329885419,370
2017,EUR,10,10,11,61,350
2018,EUR,10,10,11,64,340
2019,EUR,10,10,11,63,320
2020,EUR,28,28,29,34,190
2021,EUR,10,30,32,48,230
2022,EUR,10,10,11,100,220
2023,EUR,10,10,11,78,210
2015,EUR,4,3.9,4.2,57.86722748546064,310
2016,EUR,5.9,5.75,6.1,57.88779400101692,290
2017,EUR,10,10,11,100,290
2018,EUR,10,10,11,100,270
2019,EUR,10,10,11,100,270
2020,EUR,10,10,11,100,180
2021,EUR,10,10,11,100,200
2022,EUR,10,10,11,57.87914520480657,230
2023,EUR,10,10,11,57.99190946030412,230
2015,EUR,4,3.9,4.2,57.55688116213472,240
2016,EUR,5.9,5.75,6.1,100,240
2017,EUR,17,17,18,100,240
2018,EUR,10,10,11,100,240
2019,EUR,10,10,11,100,240
2020,EUR,28.5,28,29.5,100,1000
2021,EUR,10,31,33,100,1000
2022,EUR,10,10,11,100,980
2023,EUR,10,10,11,100,900
2015,AFR,13,13,14,74,240
2016,AFR,13,12,13,70,240
2017,AFR,12,12,12,67,240
2018,AFR,6.15,6,6.3,62,240
2019,AFR,10,10,11,59,240
2020,AFR,11,11,11,64,240
2021,AFR,10,9.8,10,52,240
2022,AFR,16,15,16,45,240
2023,AFR,17,17,18,40,240
2015,AMR,8.7,8.5,9,58.07182578890759,2.2
2016,AMR,7.5,7.3,7.7,57.930752222646305,0.46
2017,AMR,10,10,11,100,1.7
2018,AMR,12,11,12,0,0.76
2019,AMR,19,19,20,0,0.91
2020,AMR,10,9.9,10.6,57.924264049127714,1.1
2021,AMR,13,13,13,0,0.3
2022,AMR,0,0,0,0,0.3
2023,AMR,0,0,0,0,0.29
2015,WPR,10,10,35,100,12
2016,WPR,26,26,27,100,6.8
2017,WPR,22,22,23,100,11
2018,WPR,4.9,4.8,5.1,58.05334179666465,5.8
2019,WPR,10,10,11,100,11
2020,WPR,10,10,11,100,8.9
2021,WPR,0,0,0,0,10
2022,WPR,10,10,11,85,7.1
2023,WPR,10,10,11,100,9.9
2015,AFR,5,4.9,5.1,57.92398104738025,33
2016,AFR,5.15,5,5.25,57.92353767547135,33
2017,AFR,5.6,5.5,5.8,58.06708138829093,25
2018,AFR,6.15,6,6.3,58.060753587346206,27
2019,AFR,0,0,0,0,21
2020,AFR,7.7,7.5,7.9,57.937025628346184,25
2021,AFR,12,11,12,51,22
2022,AFR,5.2,5,5.3,31,43
2023,AFR,4.3,4.2,4.5,26,27
2015,EMR,6.1,5.949999999999999,6.25,57.8786427901215,280
2016,EMR,4.4,4.300000000000001,4.5,57.89141182761954,230
2017,EMR,17,16,17,31,230
2018,EMR,20,20,21,29,270
2019,EMR,13,13,14,33,250
2020,EMR,21,21,22,29,210
2021,EMR,14,14,15,24,210
2022,EMR,22,21,22,59,220
2023,EMR,18,17,18,24,210
2015,AFR,5,4.9,5.1,55.45256439768577,240
2016,AFR,7.4,7.2,7.5,44,240
2017,AFR,8,7.9,8.2,49,240
2018,AFR,5.9,5.8,6,37,240
2019,AFR,7.2,7,7.4,55.432317080512554,240
2020,AFR,5.2,5.1,5.3,34,240
2021,AFR,10.5,10.5,11,55.44369695950772,240
2022,AFR,11,11,12,36,240
2023,AFR,11,11,12,29,240
2015,EUR,4,3.9,4.2,57.927533926929094,28
2016,EUR,5.9,5.75,6.1,57.948640791503905,26
2017,EUR,28.5,27.5,29.5,57.95032678561326,25
2018,EUR,10,10,11,57.93140958416675,25
2019,EUR,10,10,11,57.950097405728314,19
2020,EUR,28.5,28,29.5,57.93622492796274,4.7
2021,EUR,10,31,33,57.93637697702676,6.1
2022,EUR,10,10,11,57.980925351605144,20
2023,EUR,10,10,11,57.922964225759,18
2015,AFR,7.8,7.6,8,78,1.3
2016,AFR,5.15,5,5.25,57.944871503111294,1.5
2017,AFR,10,10,11,0,3.5
2018,AFR,10,10,11,0,3.7
2019,AFR,12,11,12,0,2.4
2020,AFR,10,10,11,0,1.7
2021,AFR,27,27,28,0,2.4
2022,AFR,0,0,0,0,2.1
2023,AFR,24,23,25,21,4.9
2015,AFR,5,4.9,5.1,56.763339703935884,240
2016,AFR,5.15,5,5.25,56.2676238786166,240
2017,AFR,5.6,5.5,5.8,56.58350967420881,240
2018,AFR,6.15,6,6.3,56.48058871595903,240
2019,AFR,7.2,7,7.4,56.47071644841084,240
2020,AFR,7.7,7.5,7.9,56.69890445607581,240
2021,AFR,10.5,10.5,11,56.356770602606424,240
2022,AFR,12,12,13,56.23567213087519,240
2023,AFR,15.5,15,16,55.932318834284565,240
2015,WPR,5.1,4.9,5.2,100,35
2016,WPR,4.6,4.5,4.8,100,40
2017,WPR,27,26,27,100,38
2018,WPR,20,20,21,100,37
2019,WPR,21,20,22,100,33
2020,WPR,22,21,22,100,34
2021,WPR,20,20,21,100,33
2022,WPR,18,17,18,100,32
2023,WPR,10,10,11,48,31
2015,AMR,8.7,8.5,9,57.93542945273495,0
2016,AMR,7.5,7.3,7.7,57.93646398718906,0
2017,AMR,14,14,15,57.94362249326927,0.4
2018,AMR,10,10,11,0,0.25
2019,AMR,13,13,13.5,57.943585037474925,0.58
2020,AMR,10,9.9,10.6,57.92905156572192,0.11
2021,AMR,13,13,13,57.9314182967802,0.1
2022,AMR,12,11,12,57.93095619697412,0.19
2023,AMR,0,0,0,0,0.28
2015,EUR,4,3.9,4.2,100,2
2016,EUR,15,14,15,100,5.3
2017,EUR,10,10,11,100,5
2018,EUR,10,10,11,57.924234616433836,6
2019,EUR,10,10,11,57.94566271991137,4.8
2020,EUR,28.5,28,29.5,57.93277773813698,2.8
2021,EUR,10,31,33,57.93047764349392,3.2
2022,EUR,10,10,11,57.97116168602593,3
2023,EUR,10,10,11,57.92910803943181,4.1
2015,EUR,4,3.9,4.2,57.92904135468019,3
2016,EUR,12,11,12,100,3
2017,EUR,28.5,27.5,29.5,57.941665985089664,2.7
2018,EUR,10,10,11,57.93167864814511,2.4
2019,EUR,10,31,34,100,2.4
2020,EUR,30,29,31,100,1.8
2021,EUR,10,31,33,100,1.8
2022,EUR,10,10,11,100,1.6
2023,EUR,25,24,26,100,2
2015,WPR,0.41,0.4,0.42,2.4,130
2016,WPR,0.37,0.36,0.38,2.1,93
2017,WPR,0.57,0.56,0.58,3.3,90
2018,WPR,4.9,4.8,5.1,57.97872638858938,130
2019,WPR,0.92,0.9,0.94,5.6,110
2020,WPR,11.85,11.7,12,57.91475666018157,110
2021,WPR,9.15,8.95,9.8,57.9264770296984,97
2022,WPR,11.25,11.1,11.4,57.90661636662979,120
2023,WPR,10,10,11,57.91725729244345,120
2015,EMR,6.1,5.949999999999999,6.25,56.48082562184724,240
2016,EMR,4.4,4.300000000000001,4.5,56.569972345837066,240
2017,EMR,16,15.5,16.5,56.21931141352326,240
2018,EMR,16,15,16,56.323577119606675,240
2019,EMR,1.7,1.6,1.7,43.63616840895273,240
2020,EMR,1.9,1.8,1.9,8.6,240
2021,EMR,15.5,15.5,16,56.12107571235763,240
2022,EMR,10,9.9,10,24,240
2023,EMR,11,11,11,26,240
2015,AFR,5,4.9,5.1,48.18131652653214,240
2016,AFR,5.15,5,5.25,49.185783017379045,240
2017,AFR,10,9.9,10,75,240
2018,AFR,6.15,6,6.3,62,240
2019,AFR,7.2,7,7.4,60,240
2020,AFR,6.9,6.7,7.1,55,240
2021,AFR,10.5,10.5,11,60,240
2022,AFR,6,5.8,6.1,47,240
2023,AFR,15,15,16,47,240
2015,AFR,5,4.9,5.1,57.14602613235253,240
2016,AFR,5.15,5,5.25,56.96935838137218,240
2017,AFR,5.6,5.5,5.8,57.19311193516457,240
2018,AFR,6.15,6,6.3,56.819913812555136,240
2019,AFR,7.2,7,7.4,56.8077652752945,240
2020,AFR,7.7,7.5,7.9,56.82582543800717,240
2021,AFR,10.5,10.5,11,56.70017442685103,240
2022,AFR,12,12,13,56.58350967420881,240
2023,AFR,15.5,15,16,56.16745226707213,240
2015,EUR,4,3.9,4.2,57.93421886059034,74
2016,EUR,5.9,5.75,6.1,57.91626408793266,85
2017,EUR,28.5,27.5,29.5,57.974767887769204,78
2018,EUR,10,10,11,57.91704204608562,77
2019,EUR,10,10,11,58.00238934889648,66
2020,EUR,28.5,28,29.5,58.05931826526039,41
2021,EUR,10,31,33,57.962235205071714,53
2022,EUR,10,10,11,57.93748438811606,37
2023,EUR,10,10,11,57.986527262257475,57
2015,SEA,4.7,4.6,4.8,45,240
2016,SEA,2.7,2.6,2.8,26,240
2017,SEA,4.3,4.2,4.4,41,240
2018,SEA,8.1,7.9,8.3,49,240
2019,SEA,6,5.8,6.1,53,240
2020,SEA,6.7,6.6,6.9,60,1000
2021,SEA,7.4,7.2,7.6,61,940
2022,SEA,7.1,7,7.3,77,1100
2023,SEA,13,13,14,62,240
2015,EMR,6.1,5.949999999999999,6.25,56.79910503792069,240
2016,EMR,4.4,4.300000000000001,4.5,56.69813506302678,240
2017,EMR,16,15.5,16.5,56.73939835563869,240
2018,EMR,16,15,16,15,240
2019,EMR,5.8,5.7,5.9,33,240
2020,EMR,3.8,3.8,3.9,22,240
2021,EMR,15.5,15.5,16,56.553330679319465,240
2022,EMR,19,19,20,56.47009558078167,240
2023,EMR,2.7,2.6,2.8,100,240
2015,AMR,8.7,8.5,9,57.92719953644306,8.3
2016,AMR,7.5,7.3,7.7,57.94518411809477,7.1
2017,AMR,14,14,15,57.93082974681282,7.9
2018,AMR,15,14.5,15.5,57.9253033253735,9.6
2019,AMR,13,13,13.5,57.93258242567379,8
2020,AMR,15,15,16,0,6.2
2021,AMR,6.3,6.1,6.5,17,5.9
2022,AMR,27,26,28,61,8.2
2023,AMR,19,19,20,14,7.4
2015,EUR,4,3.9,4.2,57.93783668719296,14
2016,EUR,5.9,5.75,6.1,57.931098615033164,13
2017,EUR,28.5,27.5,29.5,58.07045240978171,8.8
2018,EUR,10,10,11,58.01714373684023,9.3
2019,EUR,10,10,11,57.94776537287737,8.9
2020,EUR,28.5,28,29.5,57.99720216364495,5.7
2021,EUR,10,31,33,57.942478010664374,5.9
2022,EUR,10,10,11,57.962918994450874,7.1
2023,EUR,10,10,11,57.927403365761684,5.9
2015,EUR,4,3.9,4.2,57.940334223513055,9.1
2016,EUR,5.9,5.75,6.1,57.93719113181533,10
2017,EUR,28.5,27.5,29.5,57.92572588850777,9.7
2018,EUR,10,10,11,57.97732350013754,8.9
2019,EUR,10,10,11,57.92396410236359,7.3
2020,EUR,27,26,27,100,6.8
2021,EUR,17,16,17,100,8.8
2022,EUR,26,26,27,100,8.4
2023,EUR,10,10,11,100,9.7
2015,EMR,6.1,5.949999999999999,6.25,57.74481628018293,870
2016,EMR,1.9,1.9,2,14,750
2017,EMR,3.4,3.3,3.4,17,600
2018,EMR,15,14,15,41,520
2019,EMR,14,13,14,55,450
2020,EMR,5.9,5.8,6.1,28,610
2021,EMR,10,10,11,100,700
2022,EMR,10,10,11,100,620
2023,EMR,13,12,13,57.86717489804975,730
2015,EUR,4,3.9,4.2,57.53160969811082,240
2016,EUR,17,16,17,100,240
2017,EUR,10,31,33,95,240
2018,EUR,19,19,19,100,240
2019,EUR,24,23,24,100,240
2020,EUR,10,10,34,100,240
2021,EUR,26,26,27,100,240
2022,EUR,10,31,32,100,240
2023,EUR,10,10,11,100,240
2015,SEA,3.7,3.6,3.8,57.038110732336044,240
2016,SEA,2.45,2.4000000000000004,2.55,56.90707984810513,240
2017,SEA,0.6,0.59,0.62,5.7,240
2018,SEA,0.94,0.91,0.97,8.7,240
2019,SEA,13,12,13,77,240
2020,SEA,15,15,16,100,240
2021,SEA,21,20,22,100,240
2022,SEA,22,21,22,100,240
2023,SEA,6.8,6.6,7,36,240
2015,SEA,7.9,7.7,8.1,52,1000
2016,SEA,21,21,22,100,1100
2017,SEA,20,19,20,100,240
2018,SEA,17,17,18,100,1000
2019,SEA,17,17,18,100,1000
2020,SEA,13,12,13,86,910
2021,SEA,14,14,15,100,890
2022,SEA,10,10,11,78,240
2023,SEA,7.6,7.3999999999999995,7.8,57.61383923249494,240
2015,AFR,8.3,8.1,8.5,42,240
2016,AFR,6.3,6.1,6.5,33,240
2017,AFR,8.9,8.7,9.1,46,240
2018,AFR,9.1,8.9,9.3,48,240
2019,AFR,6.7,6.5,6.8,36,240
2020,AFR,6.5,6.3,6.7,35,1100
2021,AFR,10,10,11,57,240
2022,AFR,10,9.7,10,55,240
2023,AFR,8.6,8.4,8.9,48,240
2015,WPR,2.1,2.05,2.2,57.94074991564179,0
2016,WPR,2,2,2.1,57.99099873198407,0
2017,WPR,6.35,6.199999999999999,6.5,57.92483286411218,0
2018,WPR,4.9,4.8,5.1,56.49682626651061,240
2019,WPR,6.3,6.2,6.5,56.61637769712257,240
2020,WPR,11.85,11.7,12,57.94961735381983,0
2021,WPR,9.15,8.95,9.8,57.934394918280844,0
2022,WPR,11.25,11.1,11.4,56.725637949435374,240
2023,WPR,10,10,11,57.938680846733575,0
2015,WPR,0,0,0,0,3.6
2016,WPR,2,2,2.1,57.93066705167949,3
2017,WPR,0,0,0,0,4.1
2018,WPR,0,0,0,0,4
2019,WPR,10,10,11,100,2.2
2020,WPR,10,10,36,37,2.7
2021,WPR,10,10,11,81,3.7
2022,WPR,10,10,11,0,1.1
2023,WPR,10,10,11,63,3.2
2015,AMR,4.7,4.6,4.8,100,7
2016,AMR,1.1,1.1,1.2,46,6.6
2017,AMR,10,10,11,100,6.1
2018,AMR,10,10,35,100,8
2019,AMR,10,10,11,100,7.6
2020,AMR,10,10,11,83,7.3
2021,AMR,10,10,11,100,4.9
2022,AMR,14,13,14,100,6.2
2023,AMR,27,26,28,100,7.1
2015,EMR,6.3,6.1,6.5,100,110
2016,EMR,7.1,6.9,7.3,100,99
2017,EMR,15,15,16,100,84
2018,EMR,9.7,9.5,10,100,90
2019,EMR,8.8,8.5,9,49.88061149070777,89
2020,EMR,4.7,4.6,4.8,100,66
2021,EMR,4.3,4.2,4.4,100,62
2022,EMR,5.8,5.6,5.9,67,78
2023,EMR,8.9,8.7,9.2,100,68
2015,EUR,7.4,7.2,7.6,100,510
2016,EUR,6.5,6.4,6.7,100,520
2017,EUR,10,10,11,100,510
2018,EUR,10,10,11,57.88668289464969,480
2019,EUR,10,10,11,100,460
2020,EUR,10,10,11,100,340
2021,EUR,10,10,11,100,320
2022,EUR,10,10,11,100,330
2023,EUR,10,10,11,100,310
2015,EUR,4,3.9,4.2,57.96213841165798,160
2016,EUR,5.9,5.75,6.1,57.91900716296859,140
2017,EUR,10,10,11,114.3956647373099,110
2018,EUR,10,10,11,100,120
2019,EUR,10,10,11,100,120
2020,EUR,10,10,11,100,110
2021,EUR,10,10,11,100,110
2022,EUR,10,10,11,100,140
2023,EUR,10,10,11,100,150
2015,AMR,8.7,8.5,9,57.924440923712105,0.25
2016,AMR,0,0,0,0,0.25
2017,AMR,14,14,15,57.96431942498377,0.37
2018,AMR,0,0,0,0,0.12
2019,AMR,20,20,21,0,0.49
2020,AMR,10,9.9,10.6,56.48122354640106,240
2021,AMR,13,13,13,57.924492945648694,0
2022,AMR,12,11,12,56.478704569188096,240
2023,AMR,11,10.5,11,57.92475090654196,0.82
2015,WPR,2.1,2.05,2.2,53,5.6
2016,WPR,2,2,2.1,47,8.5
2017,WPR,6.35,6.199999999999999,6.5,57.9497426898316,6.5
2018,WPR,4.9,4.8,5.1,57.94052150248476,8.2
2019,WPR,6.3,6.2,6.5,58.06291721654423,9.5
2020,WPR,11.85,11.7,12,57.92569065860008,12
2021,WPR,9.15,8.95,9.8,57.94880629497305,11
2022,WPR,11.25,11.1,11.4,57.93541764417972,10
2023,WPR,10,10,11,57.92759916158882,7.8
2015,AFR,5,4.9,5.1,53.5768188678592,240
2016,AFR,1.1,1.1,1.1,5.3,240
2017,AFR,1.8,1.7,1.8,8.6,240
2018,AFR,3,2.9,3,14,240
2019,AFR,14,14,15,27,240
2020,AFR,13,12,13,32,240
2021,AFR,15,15,16,47,240
2022,AFR,10,10,11,79,240
2023,AFR,10,10,11,100,240
2015,EUR,13,12,13,100,240
2016,EUR,1,1,1.1,12,240
2017,EUR,10,10,11,98,240
2018,EUR,10,10,11,100,240
2019,EUR,10,10,11,100,240
2020,EUR,10,10,11,100,1100
2021,EUR,10,10,11,100,1100
2022,EUR,10,10,11,73,1100
2023,EUR,10,10,11,75,1000
2015,EMR,1.9,1.8,1.9,100,3
2016,EMR,7.1,6.9,7.3,100,2.6
2017,EMR,11,11,12,32,3.1
2018,EMR,14,13,14,94,3.2
2019,EMR,17,17,18,100,2.6
2020,EMR,12,12,13,95,2.1
2021,EMR,21,21,22,100,2.1
2022,EMR,22,22,23,100,2.1
2023,EMR,9.8,9.5,10,0,1.8
2015,EUR,4,3.9,4.2,57.91611629729636,85
2016,EUR,5.9,5.75,6.1,57.90825029287859,88
2017,EUR,28.5,27.5,29.5,57.915651633248864,78
2018,EUR,10,10,11,57.993543202857026,73
2019,EUR,10,10,11,58.030907037424925,71
2020,EUR,28.5,28,29.5,57.9535971467786,59
2021,EUR,10,31,33,57.91380246064223,67
2022,EUR,10,10,11,57.93124175572573,67
2023,EUR,10,10,11,100,74
2015,AFR,1.4,1.4,1.5,7.1,240
2016,AFR,6.4,6.2,6.5,32,240
2017,AFR,7.2,7,7.3,36,240
2018,AFR,4.4,4.3,4.5,22,240
2019,AFR,8.3,8.1,8.5,39,240
2020,AFR,12,12,12,61,240
2021,AFR,15,14,15,75,240
2022,AFR,17,17,17,86,240
2023,AFR,16,15,16,80,240
2015,AMR,8.7,8.5,9,57.882408407360415,220
2016,AMR,7.5,7.3,7.7,57.89009352044806,220
2017,AMR,14,14,15,57.90148520799846,210
2018,AMR,15,14.5,15.5,57.90296311436148,210
2019,AMR,13,13,13.5,57.88463707546017,210
2020,AMR,10,9.9,10.6,57.896814950413,160
2021,AMR,13,13,13,58.03482778760753,180
2022,AMR,12,11,12,57.91511737220384,180
2023,AMR,11,10.5,11,57.89112805490217,220
2015,AMR,10,9.7,10,100,31
2016,AMR,18,17,18,100,30
2017,AMR,10,10,11,100,31
2018,AMR,10,10,11,100,32
2019,AMR,10,10,11,100,35
2020,AMR,10,10,11,100,29
2021,AMR,10,10,11,100,29
2022,AMR,10,10,11,100,31
2023,AMR,10,10,11,100,35
2015,EUR,4,3.9,4.2,77,240
2016,EUR,10,9.9,10,80,240
2017,EUR,10,10,11,73,240
2018,EUR,10,10,11,62,240
2019,EUR,10,10,11,60,240
2020,EUR,10,10,11,77,240
2021,EUR,10,10,11,65,240
2022,EUR,10,10,11,57.22556646498282,240
2023,EUR,10,10,11,48,240
2015,WPR,4.7,4.5,4.8,26,23
2016,WPR,1.3,1.3,1.3,7.1,28
2017,WPR,6.7,6.6,6.9,38,32
2018,WPR,7.1,6.9,7.2,40,28
2019,WPR,10,10,11,100,35
2020,WPR,14,14,14,16,31
2021,WPR,10,10,11,69,28
2022,WPR,10,10,11,55,37
2023,WPR,10,10,11,57.93452857539005,37
2015,AMR,3.8,3.7,3.9,100,400
2016,AMR,3.8,3.7,3.9,100,480
2017,AMR,11,10,11,94,690
2018,AMR,8.8,8.6,9.1,94,690
2019,AMR,6.1,6,6.3,96,640
2020,AMR,2.3,2.3,2.4,47,560
2021,AMR,3.1,3,3.1,55,550
2022,AMR,13,12,13,100,600
2023,AMR,9.3,9.1,9.5,100,650
2015,WPR,1.4,1.4,1.4,12,240
2016,WPR,2.4,2.3,2.4,20,240
2017,WPR,3.2,3.1,3.3,27,240
2018,WPR,3.2,3.1,3.3,24,240
2019,WPR,5.4,5.3,5.6,22,240
2020,WPR,4.2,4,4.3,5.7,240
2021,WPR,5.7,5.6,5.9,14,240
2022,WPR,7.3,7.1,7.5,8.1,240
2023,WPR,8.6,8.3,8.8,5,240
2015,EMR,6.1,5.949999999999999,6.25,57.38553387406119,240
2016,EMR,4.4,4.300000000000001,4.5,57.28669237824344,240
2017,EMR,16,15.5,16.5,57.25553825906792,240
2018,EMR,16,15,16,57.32242771323086,240
2019,EMR,15,15,15,57.398125783230725,240
2020,EMR,1.9,1.9,1.9,5,240
2021,EMR,15.5,15.5,16,57.43454095514514,240
2022,EMR,19,19,20,57.346162889420775,240
2023,EMR,13,12,13,57.33717736569039,240
2015,AFR,5,4.9,5.1,55.64395180212828,240
2016,AFR,5.15,5,5.25,55.43955882169129,240
2017,AFR,0.67,0.66,0.69,3.4,240
2018,AFR,6.15,6,6.3,4.9,240
2019,AFR,2.7,2.6,2.7,14,240
2020,AFR,12,12,12,29,240
2021,AFR,12,11,12,36,240
2022,AFR,10,10,11,34,240
2023,AFR,10,10,11,50,240
2015,AFR,6.6,6.4,6.7,31,240
2016,AFR,14,14,14,68,240
2017,AFR,4.8,4.7,5,24,240
2018,AFR,5.8,5.7,6,30,240
2019,AFR,8.9,8.6,9.1,47,240
2020,AFR,7.7,7.5,7.9,42,240
2021,AFR,10,9.9,10,51,240
2022,AFR,27,26,28,37,240
2023,AFR,10,10,11,34,240
